thread_count,measured_time_s,measured_speedup,measured_efficiency
1,1.936802,1.00,1.00
16,0.236396,8.19,0.51
64,0.073645,26.30,0.41
128,0.045648,42.43,0.33